Independent Holdings|Unabhängige Besitzungen|Domaines indépendants
Bandit Clans|Banditenclans|Clans de bandits
Barbarian Tribes|Barbarenstämme|Tribus barbares
Forest Creatures|Waldkreaturen|Créatures sylvestres
Fire Dragons|Feuerdrachen|Dragons de feu
Ice Dragons|Eisdrachen|Dragons de glace
Storm Creatures|Sturmkreaturen|Créatures de la tempête
Wolf Packs|Wolfsrudel|Meutes de loups
Spiders|Spinnen|Araignées
Scorpions|Skorpione|Scorpions
Night Lurkers|Nachtlauerer|Rôdeurs nocturnes
Shadows|Schatten|Ombres
Humans|Menschen|Humains
Undead|Untote|Morts-vivants
Slaan Warbands|Slaan-Kriegerscharen|Bandes guerrières slaan
Searing Forcewave|Sengende Kraftwelle|Onde de force ardente
Acidic Flumes|Säurerinnen|Canaux acides
Acolyte|Akolyth|Acolyte
Active Fire Dragon|Erwachter Feuerdrache|Dragon de feu éveillé
Active Storm Drake|Erwachter Sturmdrache|Drake des tempêtes éveillé
Advance Eagle|Vorauseilender Adler|Aigle éclaireur
Ambasadors Presence|Gegenwart des Gesandten|Présence de l'ambassadeur
Ambassador of Void|Gesandter der Leere|Ambassadeur du Vide
Ambassador|Gesandter|Ambassadeur
Ambassadorst Dark Restoration|Dunkle Wiederherstellung des Gesandten|Restauration obscure de l'ambassadeur
Ancient|Uralter|Ancien
Ancients|Uralte|Anciens
Ancient Laygrounds|Uralte Grabstätte|Nécropole antique
Anomaly|Anomalie|Anomalie
Apparation|Erscheinung|Apparition
Apparations|Erscheinungen|Apparitions
Apparitions|Erscheinungen|Apparitions
Apparition|Erscheinung|Apparition
Arbalest|Armbrustschütze|Arbalétrier
Arcane Gauntlet|Arkaner Panzerhandschuh|Gantelet arcanique
Arcane Wars Tech|Arcane-Wars-Technologien|Technologies d'Arcane Wars
Arctic Blast|Arktische Druckwelle|Souffle arctique
Armor of Light|Rüstung des Lichts|Armure de lumière
Ascending Crafter|Aufstrebender Handwerker|Artisan ascendant
Aspiring Nightbringer|Aufstrebender Nachtbringer|Porte-nuit aspirant
Automaton|Automat|Automate
Avatar|Avatar|Avatar
Balistae|Ballisten|Balistes
Bandit Encampment|Banditenlager|Campement de bandits
Banish Shadow|Schatten bannen|Bannir l'ombre
Banish shadows|Schatten bannen|Bannir les ombres
Banishment|Verbannung|Bannissement
Battle Priest|Kriegspriester|Prêtre de guerre
Battle Rider|Schlachtreiter|Cavalier de guerre
Battlecry|Schlachtruf|Cri de guerre
Battlemage|Kampfmagier|Mage de bataille
Beam of Harm|Schadensstrahl|Rayon néfaste
Beast Minion|Bestiendiener|Serviteur bestial
Berzekers Fury|Berserkerwut|Fureur du berserker
Berzekers Rage|Berserkerraserei|Rage du berserker
Bileflies|Gallenfliegen|Mouches bilieuses
Bileflies Marsh|Gallenfliegensumpf|Marais des mouches bilieuses
Bird Flock Wing|Flügel eines Vogelschwarms|Ailes d'une volée d'oiseaux
Bird Small flock|Kleiner Vogelschwarm|Petite volée d'oiseaux
Bird Wing|Vogelflügel|Aile d'oiseau
Black Cloud|Schwarze Wolke|Nuage noir
Black Curse|Schwarzer Fluch|Malédiction noire
Black Mountains|Schwarze Berge|Montagnes noires
Black Mountain|Schwarzer Berg|Montagne noire
Blackout|Verdunkelung|Obscurcissement
Blademaster|Klingenmeister|Maître des lames
Blast|Druckwelle|Souffle
Blinding|Blendung|Aveuglement
Blinding Light|Blendendes Licht|Lumière aveuglante
Blinding Sunlight|Blendendes Sonnenlicht|Soleil aveuglant
Bloodied claw|Blutige Klaue|Griffe ensanglantée
Bloodsoaker|Bluttrinker|Buveur de sang
Bloodsoakers|Bluttrinker|Buveurs de sang
Bloodthirst|Blutdurst|Soif de sang
Bolt|Bolzen|Carreau
Bolt Master|Bolzenmeister|Maître des carreaux
Bolt Thrower|Bolzenwerfer|Lance-carreaux
Bomb|Bombe|Bombe
BombardSpell|Bombardierungszauber|Sort de bombardement
Bone Arbalest|Knochenarmbrust|Arbalète d'os
Bone Bardiche|Knochenbardiche|Bardiche d'os
Bone Blade|Knochenklinge|Lame d'os
Bone Mace|Knochenstreitkolben|Masse d'os
Bonegolem|Knochengolem|Golem d'os
Boneling|Knochenwesen|Créature d'os
Boneling Revenants|Knochenwiedergänger|Revenants d'os
Boneling Twins|Knochenzwillinge|Jumeaux d'os
Bones|Knochen|Os
Border Keep|Grenzfestung|Fort frontalier
Branch Thing|Astwesen|Créature des branches
Branchweaver|Astweber|Tisseur de branches
Breaker|Brecher|Briseur
Build Kingdom Structures|Reichsgebäude errichten|Construire des bâtiments de royaume
Build Resource Camp|Rohstofflager errichten|Construire un camp de ressources
Build Sovereign Citadel|Herrscherzitadelle errichten|Construire une citadelle souveraine
Captain Engineer|Ingenieurhauptmann|Capitaine ingénieur
Capturing this building provides extra gold income|Die Eroberung dieses Gebäudes erhöht das Goldeinkommen.|La capture de ce bâtiment augmente les revenus en or.
Capturing this building provides extra mana income.|Die Eroberung dieses Gebäudes erhöht das Manaeinkommen.|La capture de ce bâtiment augmente les revenus en mana.
Catapult|Katapult|Catapulte
Catapult Fire|Katapultschuss|Tir de catapulte
Catapult Rock|Katapultgeschoss|Projectile de catapulte
Cavalry|Kavallerie|Cavalerie
Cavalry Fast|Schnelle Kavallerie|Cavalerie rapide
Cavalry Normal|Normale Kavallerie|Cavalerie normale
Cavalry Slow|Langsame Kavallerie|Cavalerie lente
Cavalry Very Fast|Sehr schnelle Kavallerie|Cavalerie très rapide
Celebrant|Zelebrant|Célébrant
Celestial Touch|Himmlische Berührung|Toucher céleste
Champion Hall|Halle der Champions|Hall des champions
Channeler|Kanalisierer|Canaliseur
Chilling Ice Armor|Frostige Eisrüstung|Armure de glace réfrigérante
Chosen Nide|Auserwählte Nide|Nide élue
Cleave|Spalten|Fendre
Clockwork Bomb|Uhrwerkbombe|Bombe mécanique
Clockwork|Uhrwerk|Mécanisme
Cloud Drake|Wolkendrache|Drake des nuages
Cluster Cannonball|Streukugel|Boulet à fragmentation
Clustershot|Streuschuss|Tir à fragmentation
Cold Damage|Kälteschaden|Dégâts de froid
Combat Engineer|Kampfingenieur|Ingénieur de combat
Comet|Komet|Comète
Company of Six|Kompanie der Sechs|Compagnie des Six
Conjuror|Beschwörer|Conjurateur
Courage|Mut|Courage
Courage Lion|Löwe des Mutes|Lion du courage
Crackling|Knistern|Crépitement
Crackling Web|Knisterndes Netz|Toile crépitante
Creators Huntress|Jägerin des Schöpfers|Chasseresse du Créateur
Crimson Catapult|Purpurkatapult|Catapulte cramoisie
Crimson Comet|Purpurkomet|Comète cramoisie
Crimson|Purpur|Cramoisi
Crimson Mage|Purpurmagier|Mage cramoisi
Crimson Mage Official|Purpurmagier des Rates|Mage cramoisi officiel
Crimson Rain|Purpurregen|Pluie cramoisie
Crimson Rock|Purpurgestein|Roche cramoisie
Crimson Shield|Purpurschild|Bouclier cramoisi
Crimson Vulnerability|Purpurne Verwundbarkeit|Vulnérabilité cramoisie
Crimsonblast|Purpurschlag|Déflagration cramoisie
Crimsonbolt|Purpurgeschoss|Trait cramoisi
Crippling Fear|Lähmende Furcht|Peur paralysante
Cursed City|Verfluchte Stadt|Cité maudite
Cursed Land|Verfluchtes Land|Terre maudite
Cursed Library|Verfluchte Bibliothek|Bibliothèque maudite
Cursed Market|Verfluchter Markt|Marché maudit
Cursed Sawmill|Verfluchtes Sägewerk|Scierie maudite
Cursed Wand|Verfluchter Zauberstab|Baguette maudite
Dark Forest|Dunkler Wald|Forêt obscure
Dark Hunger|Dunkler Hunger|Faim obscure
Dark Maiden|Dunkle Jungfrau|Vierge obscure
Darkbolt|Dunkelgeschoss|Trait obscur
Day Time|Tageszeit|Heure du jour
Deadland|Totes Land|Terre morte
Deadwoods|Totenwald|Bois morts
Death Breath|Todeshauch|Souffle de mort
Death Flumes|Todesströme|Courants mortels
Death Wyrm|Todeswurm|Wyrm de la mort
Decapitator|Enthaupter|Décapiteur
Defenders|Verteidiger|Défenseurs
Demolition group|Sprengtrupp|Groupe de démolition
Demoralisation|Demoralisierung|Démoralisation
Dense Forest|Dichter Wald|Forêt dense
Desert Flames|Wüstenflammen|Flammes du désert
Desert Wrath|Wüstenzorn|Courroux du désert
Devout|Glaubenseiferer|Dévot
Dire Wolf|Schreckenswolf|Loup funeste
Direwolf|Schreckenswolf|Loup funeste
Direwolves Den|Schreckenswolfbau|Tanière des loups funestes
Discharge|Entladung|Décharge
Disciples of Desert Flames|Jünger der Wüstenflammen|Disciples des flammes du désert
Disciple|Jünger|Disciple
Dragonfire Balistae|Drachenfeuerballisten|Balistes du feu draconique
Dragonfire Bolt|Drachenfeuerbolzen|Carreau de feu draconique
Dragonfire|Drachenfeuer|Feu draconique
Dragonfire Spear|Drachenfeuerspeer|Lance de feu draconique
Draining Bash|Entziehender Hieb|Coup drainant
Draining Mist|Zehrender Nebel|Brume drainante
Draining Slash|Entziehender Schnitt|Entaille drainante
Drake|Drache|Drake
Dreadfire|Schreckensfeuer|Feu de l'effroi
Dreadfire Blast|Schreckensfeuerschlag|Déflagration de l'effroi
Dreadfire Bolt Tower|Schreckensfeuerturm|Tour aux traits de l'effroi
Driftwood|Treibholz|Bois flotté
Dryche|Dryche|Dryche
Dryche Wines|Dryche-Ranken|Lianes de Dryche
Duck|Ente|Canard
Earthshock|Erderschütterung|Secousse terrestre
Earthshock Fireblast|Erderschütterungsflammen|Flammes de la secousse terrestre
Elemental|Elementarwesen|Élémentaire
Elementalist|Elementarist|Élémentaliste
Elementals|Elementarwesen|Élémentaires
Embrace of Shadow|Umarmung des Schattens|Étreinte de l'ombre
Empty|Leer|Vide
Empyrean|Empyreaner|Empyréen
Empyrean Manifest|Manifestation des Empyreaners|Manifestation de l'Empyréen
Enchanter|Verzauberer|Enchanteur
Enclave|Enklave|Enclave
Envoy of Shadow|Gesandter des Schattens|Émissaire de l'ombre
Escort slot|Begleitplatz|Emplacement d'escorte
Espionage|Spionage|Espionnage
Eye of Predator|Raubtierauge|Œil du prédateur
Eye Shot|Augenschuss|Tir de l'œil
Fallen Lightning|Blitz des Gefallenen|Éclair du Déchu
Fallen One|Gefallener|Déchu
Fallen|Gefallene|Déchus
Falling Stars|Fallende Sterne|Chute d'étoiles
Fanatic|Fanatiker|Fanatique
Fast|Schnell|Rapide
Fear|Furcht|Peur
Fear Skull|Schädel der Furcht|Crâne de la peur
Feasting Mist|Zehrender Nebel|Brume dévorante
Feral Wyvern|Wilder Lindwurm|Vouivre sauvage
Feral wyverns|Wilde Lindwürmer|Vouivres sauvages
Field Catapult|Feldkatapult|Catapulte de campagne
Field Provisions|Feldversorgung|Provisions de campagne
Fiend Enwoy|Gesandter der Dämonen|Émissaire démoniaque
Fiery mark|Feuriges Zeichen|Marque ardente
Fiery Shards|Feurige Splitter|Éclats ardents
Fingers of Crimson Hand|Finger der Purpurhand|Doigts de la Main cramoisie
Fire Armor|Feuerrüstung|Armure de feu
Fire Dragon|Feuerdrache|Dragon de feu
Fire Protection|Feuerschutz|Protection contre le feu
Fire Shock|Feuerschock|Choc de feu
Fissure|Erdspalte|Fissure
Fissures|Erdspalten|Fissures
Fist Blade|Faustklinge|Lame de poing
Flame Body Burn|Brennender Flammenkörper|Corps de flammes embrasé
Flame Shock|Flammenschock|Choc de flammes
Flame Sweep|Flammenfeger|Balayage de flammes
Flames of Furnace|Flammen des Schmelzofens|Flammes du fourneau
Flank|Flanke|Flanc
Flyer Unit|Fliegende Einheit|Unité volante
Forced Tint Dark|Erzwungene dunkle Färbung|Teinte sombre forcée
Forced Tint Red|Erzwungene rote Färbung|Teinte rouge forcée
Forcefield|Kraftfeld|Champ de force
Forcewave|Kraftwelle|Onde de force
Forked Bolt|Gabelbolzen|Carreau fourchu
Forked Javelin|Gabelwurfspieß|Javelot fourchu
Forked Lightning|Gabelblitz|Éclair fourchu
Forked Spear|Gabelspeer|Lance fourchue
Forked Tongue|Gespaltene Zunge|Langue fourchue
Foul Miasma|Übles Miasma|Miasme fétide
Foundation Spot|Bauplatz|Emplacement de construction
Foundation Camp|Baulager|Camp de construction
Frostland|Frostland|Terre gelée
Frozen Mist|Gefrorener Nebel|Brume glacée
Garden of Gifts|Garten der Gaben|Jardin des dons
Gate|Tor|Porte
Gathering of Dark|Versammlung der Dunkelheit|Assemblée des ténèbres
Gathering of Light|Versammlung des Lichts|Assemblée de la lumière
Mining Post|Bergbauposten|Poste minier
Mining Town|Bergbaustadt|Ville minière
Stonehold|Steinburg|Fort de pierre
Ghostly Apparation|Geistererscheinung|Apparition spectrale
Ghostly Mist|Geisternebel|Brume spectrale
Glacial Arrow|Eispfeil|Flèche glaciale
Glacial Bow|Eisbogen|Arc glacial
Glacial Comet|Eiskomet|Comète glaciale
Glacial|Eis|Glace
Glacial Jotun|Eisjotun|Jotun des glaces
Glacial Sword|Eisschwert|Épée glaciale
Global Power|Globale Macht|Pouvoir global
Gloomy Swamp|Düsterer Sumpf|Marais lugubre
Gnarled Staff|Knorriger Stab|Bâton noueux
Godendag|Goedendag|Goedendag
Gold Catalyst|Goldkatalysator|Catalyseur d'or
Golden Hoard|Goldhort|Trésor d'or
Golden Oak|Goldene Eiche|Chêne d'or
Gold Mine|Goldmine|Mine d'or
Iron Mine|Eisenmine|Mine de fer
Grim Necromancy|Düstere Nekromantie|Nécromancie sinistre
Grim Reaper|Sensenmann|Faucheuse
Grim Spiderling Swarm|Düsterer Jungspinnenschwarm|Essaim de sombres araignées
Grimfang|Grimmzahn|Croc sinistre
Grimfangs|Grimmzähne|Crocs sinistres
Guardian caretaker|Wächterhüter|Gardien protecteur
Hail of Arrows|Pfeilhagel|Grêle de flèches
Hall of Honor|Halle der Ehre|Hall de l'honneur
Hatchling Poisoned Spit|Giftspucke des Jungtiers|Crachat venimeux du nouveau-né
Headhunter|Kopfjäger|Chasseur de têtes
Healing Aura|Heilende Aura|Aura de guérison
Healing Rain|Heilender Regen|Pluie de guérison
Heavy Combat Formation|Schwere Kampfformation|Formation de combat lourde
Holder of Gifting Branch|Träger des Gabenzweigs|Porteur de la branche des dons
Holder of Gifting Leafs|Träger der Gabenblätter|Porteur des feuilles des dons
Holder of Golden Branch|Träger des goldenen Zweigs|Porteur de la branche d'or
Holy Attacks|Heilige Angriffe|Attaques sacrées
Holy Damage|Heiliger Schaden|Dégâts sacrés
Holy Resistant|Widerstand gegen heiligen Schaden|Résistance aux dégâts sacrés
Horrify|Entsetzen|Horrifier
Horse Archer|Berittener Bogenschütze|Archer monté
Hungering Scythe|Hungrige Sense|Faux affamée
Hungry Souls|Hungrige Seelen|Âmes affamées
Hunter Nest|Jägernest|Nid du chasseur
Huntress|Jägerin|Chasseresse
Huntress Mauler|Jagdreißer|Déchiqueteur de la chasseresse
Hurl Rocks|Felsen schleudern|Projeter des rochers
Ice Armor|Eisrüstung|Armure de glace
Ice Breath|Eisatem|Souffle de glace
Ice Dragon|Eisdrache|Dragon de glace
Ice Shock|Eisschock|Choc de glace
Icebringer|Eisbringer|Porte-glace
Ifrit Fireblast|Feuerschlag des Ifrits|Déflagration de l'ifrit
Ifrit Grater Fireblast|Großer Feuerschlag des Ifrits|Déflagration majeure de l'ifrit
Illusion|Illusion|Illusion
Imbued Poleaxe|Verzauberte Stangenbeilaxt|Hache d'armes enchantée
Imp|Kobold|Diablotin
Inceneration|Einäscherung|Incinération
Infernal|Infernal|Infernal
Inquisitor Order Militant|Kriegsorden der Inquisition|Ordre militaire de l'Inquisition
Insect Swarm|Insektenschwarm|Nuée d'insectes
Invoker|Anrufer|Invocateur
Iron production|Eisenproduktion|Production de fer
Journeyman Guild|Gesellengilde|Guilde des compagnons
Kabal of Sins|Kabale der Sünden|Cabale des péchés
Keep|Festung|Fort
Fortified Keep|Befestigte Festung|Fort renforcé
Keeper of Gifting Leafs|Hüter der Gabenblätter|Gardien des feuilles des dons
Keeper of Golden Branch|Hüter des goldenen Zweigs|Gardien de la branche d'or
Keeper of Golden Leafs|Hüter der goldenen Blätter|Gardien des feuilles d'or
Khaldunite Charge|Khaldunitladung|Charge de khaldunite
Khaldunite Mace|Khaldunitstreitkolben|Masse de khaldunite
Khaldunite Resistant|Khaldunitwiderstand|Résistance à la khaldunite
Khaldunite Shards|Khaldunitsplitter|Éclats de khaldunite
Khaldunite Shards Production|Produktion von Khaldunitsplittern|Production d'éclats de khaldunite
Crafter|Handwerker|Artisan
Founder|Gründer|Fondateur
Nightbringer|Nachtbringer|Porte-nuit
Pioneer|Pionier|Pionnier
Prospector|Prospektor|Prospecteur
Settler|Siedler|Colon
Thaumaturgist|Thaumaturg|Thaumaturge
Kingdom points|Reichspunkte|Points de royaume
Kingdom points consumption|Verbrauch von Reichspunkten|Consommation de points de royaume
Kingdom points production|Erzeugung von Reichspunkten|Production de points de royaume
Kingdom points provided|Verfügbare Reichspunkte|Points de royaume disponibles
Kingdom Laborers company|Reichsarbeiterkompanie|Compagnie d'ouvriers du royaume
Kohan Legend|Kohan-Legende|Légende kohan
Labor Camp|Arbeitslager|Camp de travail
Labor Camp Gold Boulders|Goldfelsen des Arbeitslagers|Rochers aurifères du camp de travail
Labor Camp Iron Boulders|Eisenfelsen des Arbeitslagers|Rochers ferreux du camp de travail
Labor Camp Ironwood Tree|Eisenholzbaum des Arbeitslagers|Arbre de bois de fer du camp de travail
Labor Camp Mana Mine|Manamine des Arbeitslagers|Mine de mana du camp de travail
Lairs|Unterschlüpfe|Antres
Lajatang|Lajatang|Lajatang
Lake Deadbodies|Leichen im See|Cadavres dans le lac
Lake Mist|Seenebel|Brume du lac
Lake of Decay|See des Verfalls|Lac de décomposition
Land of Dead|Land der Toten|Terre des morts
Landcracks|Erdspalten|Crevasses
Large|Groß|Grand
Large Lairs|Große Unterschlüpfe|Grands antres
Last Minions|Letzte Diener|Derniers serviteurs
Leader Founder|Anführer der Gründer|Chef des fondateurs
Leading Crafter|Meisterhandwerker|Maître artisan
Leading Forge|Meisterschmiede|Forge supérieure
Leading Settler|Siedleranführer|Chef des colons
Legendary|Legendär|Légendaire
Legion|Legion|Légion
Legion of Doom|Legion des Verderbens|Légion du destin funeste
Life Steal|Lebensraub|Vol de vie
Liliput|Liliput|Liliput
Livingsand|Lebender Sand|Sable vivant
Longbow|Langbogen|Arc long
Longshot|Weitschütze|Tireur de longue portée
Lurcher|Lauerer|Rôdeur
Macabre|Makabrer|Macabre
Mace|Streitkolben|Masse
Maelstorm|Mahlstrom|Maelström
Maelstrom|Mahlstrom|Maelström
Maelstorm Destroyer|Mahlstromzerstörer|Destructeur du maelström
Maelstrom Destroyer|Mahlstromzerstörer|Destructeur du maelström
Maelstrom Engine|Mahlstrommaschine|Machine du maelström
Maelstrom Backlash|Mahlstromrückschlag|Contrecoup du maelström
Mage Combat Formation|Magierkampfformation|Formation de combat des mages
Magic Arrow|Magischer Pfeil|Flèche magique
Magic construct|Magisches Konstrukt|Construction magique
Magic Resistant|Magieresistenz|Résistance magique
Magic Vulnerability|Magische Verwundbarkeit|Vulnérabilité magique
Maidens Embrace|Umarmung der Jungfrau|Étreinte de la vierge
Mana production|Manaproduktion|Production de mana
Marauder Camp|Plündererlager|Camp de maraudeurs
Marauder Den|Plündererversteck|Repaire des maraudeurs
Mark of Death|Mal des Todes|Marque de mort
Mark of Extinction|Mal der Auslöschung|Marque d'extinction
Mark of Kohan|Mal des Kohan|Marque du Kohan
Meadow|Wiese|Prairie
Meadow High Grass|Wiese mit hohem Gras|Prairie aux hautes herbes
Meat Golem|Fleischgolem|Golem de chair
Medium|Mittel|Moyen
Melee Combat Formation|Nahkampfformation|Formation de combat au corps à corps
Mercenary Barracks|Söldnerkaserne|Caserne des mercenaires
Merchant Guild Post|Handelsgildenposten|Comptoir de la guilde marchande
Militia Barracks|Milizkaserne|Caserne de la milice
Mist Cloud High|Hohe Nebelwolke|Nuage de brume élevé
Mist Cloud Low|Tiefe Nebelwolke|Nuage de brume bas
Mist of Dawn|Morgennebel|Brume de l'aube
Mist Swamp|Nebelmoor|Marais brumeux
Mistress of Death|Herrin des Todes|Maîtresse de la mort
Molten Rock|Geschmolzenes Gestein|Roche en fusion
Momentum Mori|Memento mori|Memento mori
Mounted Combat Formation|Berittene Kampfformation|Formation de combat montée
Mushrooms|Pilze|Champignons
Mystic Barrier|Mystische Barriere|Barrière mystique
Mystic Lodge|Mystische Hütte|Loge mystique
Nation Guard|Volksgarde|Garde du peuple
Nature Spirit|Naturgeist|Esprit de la nature
Night Lurkerer|Nachtlauerer|Rôdeur nocturne
Night Lurkerers|Nachtlauerer|Rôdeurs nocturnes
Night Shade|Nachtschatten|Ombre nocturne
Nightclaw Disciple|Nachtklauenjünger|Disciple de la griffe nocturne
Nightclaw|Nachtklaue|Griffe nocturne
Nightmare|Nachtmahr|Cauchemar
Oracle|Orakel|Oracle
Pain|Schmerz|Douleur
Palace Guard|Palastwache|Garde du palais
Panar Sphere Bubble|Blase der planaren Sphäre|Bulle de la sphère planaire
Patriotism|Patriotismus|Patriotisme
Pedang|Pedang|Pedang
Pellet|Schrotkugel|Bille de mitraille
Pellets|Schrotkugeln|Mitraille
Pick|Spitzhacke|Pioche
Pickblade|Spitzklinge|Lame-pioche
Pilgrims of Gifts Company|Kompanie der Gabenpilger|Compagnie des pèlerins des dons
Pilliger|Plünderer|Pillard
Pincer Claws|Scherenklauen|Pinces griffues
Plague Catapult|Seuchenkatapult|Catapulte de peste
Plague Cloud|Seuchenwolke|Nuage de peste
Plague Rock|Seuchengeschoss|Projectile pestilentiel
Plague Sphere|Seuchensphäre|Sphère de peste
Plains Guard Camp|Lager der Ebenenwache|Camp de la garde des plaines
Planar Blade|Planarklinge|Lame planaire
Planar Guard|Planarwächter|Garde planaire
Planar Guardians|Planarwächter|Gardiens planaires
Planar Guards|Planarwächter|Gardes planaires
Planar Sphere|Planarsphäre|Sphère planaire
Planar Spheres|Planarsphären|Sphères planaires
Planar Spirit|Planargeist|Esprit planaire
Planarwing|Planarschwinge|Aile planaire
Plants Creepy|Unheimliche Pflanzen|Plantes inquiétantes
Plants Dead|Tote Pflanzen|Plantes mortes
Plants Marsh|Sumpfpflanzen|Plantes des marais
Points used for building Kingdom structures|Punkte zum Errichten von Reichsgebäuden|Points utilisés pour construire des bâtiments de royaume
Potions of Vigor|Tränke der Lebenskraft|Potions de vigueur
Primal Wyvern|Urlindwurm|Vouivre primordiale
provides mobile supply zone in field|Erzeugt eine mobile Versorgungszone im Feld.|Fournit une zone de ravitaillement mobile sur le terrain.
Punisher|Bestrafer|Châtieur
Quartermaster|Quartiermeister|Intendant
Radar Sweep|Radarabtastung|Balayage radar
Rainbringer Post|Regenbringerposten|Poste du porte-pluie
Rally|Sammeln|Ralliement
Random Arcane Tech Structure|Zufälliges arkanes Technologiegebäude|Bâtiment technologique arcanique aléatoire
Arctic Large Lair|Großer arktischer Unterschlupf|Grand antre arctique
Cursed Flock|Verfluchter Schwarm|Nuée maudite
Cursed Lair|Verfluchter Unterschlupf|Antre maudit
Cursed Large Lair|Großer verfluchter Unterschlupf|Grand antre maudit
Cursed Tech|Verfluchte Technologie|Technologie maudite
Desert Large Lair|Großer Wüstenunterschlupf|Grand antre désertique
Temperate Large Lair|Großer Unterschlupf der gemäßigten Zone|Grand antre de région tempérée
Ranged Captain|Fernkampfhauptmann|Capitaine à distance
Ranged Combat Formation|Fernkampfformation|Formation de combat à distance
Ranged Skirmish Formation|Fernkampfplänklerformation|Formation de tirailleurs
Raven|Rabe|Corbeau
Regeneration|Regeneration|Régénération
Reinforce|Verstärken|Renforcer
Resource Graveyard|Rohstofffriedhof|Cimetière de ressources
Resupply|Nachschub|Ravitaillement
Rhaksha Burrows|Rhaksha-Bauten|Terriers rhaksha
Chosen|Auserwählter|Élu
Encampment|Lager|Campement
Huntmaster|Jagdmeister|Maître de chasse
Overlord|Oberherr|Seigneur suprême
Shadowcaster|Schattenwirker|Lanceur d'ombres
Slave|Sklave|Esclave
Slaves|Sklaven|Esclaves
Righteous Advance|Rechtschaffener Vormarsch|Avancée vertueuse
Rocks|Felsen|Rochers
Rocks Dark|Dunkle Felsen|Rochers sombres
Rocky Ground|Felsiger Boden|Sol rocheux
Rocky Terrain|Felsiges Gelände|Terrain rocheux
Royal Behemoth|Königlicher Behemoth|Béhémoth royal
Royal Court Hunter|Jäger des Königshofs|Chasseur de la cour royale
Royal Hunter|Königlicher Jäger|Chasseur royal
Royalist Noble|Royalistischer Adliger|Noble royaliste
Runner|Läufer|Coureur
Sabre|Säbel|Sabre
Sacred Tree|Heiliger Baum|Arbre sacré
Sagaris|Sagaris|Sagaris
Sakarr's Disciple|Sakarrs Jünger|Disciple de Sakarr
Sakarr's Voice|Sakarrs Stimme|Voix de Sakarr
Sakkars|Sakarr|Sakarr
Sakkars Wrath Spell|Zauber von Sakarrs Zorn|Sort du courroux de Sakarr
Schola Arcana|Schola Arcana|Schola Arcana
Schola Maleficia|Schola Maleficia|Schola Maleficia
Sandbagging|Sandsackbefestigung|Fortification de sacs de sable
Sanguine Pool|Blutlache|Bassin de sang
Sapper|Pionier|Sapeur
Searing Fire Armor|Sengende Feuerrüstung|Armure de feu ardente
Searing Flames|Sengende Flammen|Flammes ardentes
Searing Ifrit|Sengender Ifrit|Ifrit ardent
Searing Ifrit Fireblast|Feuerschlag des sengenden Ifrits|Déflagration de l'ifrit ardent
Searing Ifrit Greater Fireblast|Großer Feuerschlag des sengenden Ifrits|Déflagration majeure de l'ifrit ardent
Searing Shields of Flame|Sengende Flammenschilde|Boucliers de flammes ardentes
Searing Staff|Sengender Stab|Bâton ardent
Seeker|Sucher|Chercheur
Segmented Rock|Zerklüfteter Fels|Roche fissurée
Segmented Rocks|Zerklüftete Felsen|Roches fissurées
Sentry Tower|Wachturm|Tour de guet
Sentry Tower Enplacement|Wachturmstellung|Emplacement de tour de guet
Serpent Staff|Schlangenstab|Bâton du serpent
Set up Liliput|Liliput aufstellen|Déployer Liliput
Set up Sentry Tower|Wachturm aufstellen|Déployer une tour de guet
Shackles|Fesseln|Entraves
Shadeling|Schattenling|Ombre mineure
Shadow Barrier|Schattenbarriere|Barrière d'ombre
Shadow Beign|Schattenwesen|Être d'ombre
Shadow Blast|Schattenschlag|Déflagration d'ombre
Shadow Blessing|Schattensegen|Bénédiction de l'ombre
Shadow Bolt|Schattengeschoss|Trait d'ombre
Shadow Flames|Schattenflammen|Flammes d'ombre
Shadow Gate|Schattentor|Porte d'ombre
Shadow Priest|Schattenpriester|Prêtre de l'ombre
Shadow Prophet|Schattenprophet|Prophète de l'ombre
Shadow Ring|Schattenring|Anneau d'ombre
Shadow Sepulcher|Schattengruft|Sépulcre de l'ombre
Shadow Slavery Ground|Sklavenplatz der Schatten|Enclos d'esclaves des ombres
Shadow Sovereign Settlement|Herrschersiedlung der Schatten|Colonie souveraine des ombres
Shadow Stone Swirl|Wirbelnder Schattenstein|Tourbillon de pierre d'ombre
Shadow Temptress|Schattenverführerin|Tentatrice de l'ombre
Shadow Touch|Schattenberührung|Toucher de l'ombre
Shadow Tower|Schattenturm|Tour d'ombre
Shadow Volley|Schattensalve|Salve d'ombre
Shadowblast|Schattenschlag|Déflagration d'ombre
Shadowcall|Schattenruf|Appel de l'ombre
Shadowcater Nide|Schattenwirkende Nide|Nide lanceuse d'ombres
Shadowfire|Schattenfeuer|Feu d'ombre
Shadowsteel|Schattenstahl|Acier d'ombre
Shaper Hut|Formerhütte|Hutte du modeleur
Sharpshooter|Scharfschütze|Tireur d'élite
Shields of Flame|Flammenschilde|Boucliers de flammes
Shock|Schock|Choc
Shooting Stars|Sternschnuppen|Étoiles filantes
Shover of Light|Lichtschauer|Pluie de lumière
Shower of Arrows|Pfeilregen|Pluie de flèches
Si'Arian|Si'Arian|Si'Arian
Si'Arian Sept|Si'Arian-Sippe|Clan si'arian
Siege bolt|Belagerungsbolzen|Carreau de siège
Siege Lore Schematics|Belagerungstechnikpläne|Plans des techniques de siège
Siege Master|Belagerungsmeister|Maître de siège
Siege Melee Company|Nahkampfbelagerungskompanie|Compagnie de siège au corps à corps
Siege Ranged Company|Fernkampfbelagerungskompanie|Compagnie de siège à distance
Siegemaster|Belagerungsmeister|Maître de siège
Sirene|Sirene|Sirène
Skull Fist|Schädelfaust|Poing crânien
Skull Staff|Schädelstab|Bâton crânien
Slaan|Slaan|Slaan
Slaanri|Slaanri|Slaanri
Javelinier|Speerwerfer|Javelinier
Mystic|Mystiker|Mystique
Shaper|Former|Modeleur
Slaver|Sklavenhändler|Esclavagiste
Warrior|Krieger|Guerrier
Whisperer|Flüsterer|Chuchoteur
Slanri Enclave|Slaanri-Enklave|Enclave slaanri
Slanrii Enclave|Slaanri-Enklave|Enclave slaanri
Slash|Hieb|Entaille
Slavery Grounds|Sklavenplatz|Enclos d'esclaves
Slow|Langsam|Lent
Small|Klein|Petit
Small flock|Kleiner Schwarm|Petite nuée
Smoke Cloud|Rauchwolke|Nuage de fumée
Smoke Squib|Rauchstoß|Jet de fumée
Smoke Tint|Rauchfärbung|Teinte de fumée
Snowswamp|Schneesumpf|Marais enneigé
Sorcerer|Hexenmeister|Sorcier
Soul Vortex|Seelenwirbel|Vortex d'âmes
Soulless|Seelenloser|Sans-âme
Sovereign Company|Herrscherkompanie|Compagnie souveraine
Structures Placement|Gebäudeplatzierung|Placement des bâtiments
Spawn Marauders|Plünderer erzeugen|Faire apparaître des maraudeurs
Spear Spit|Speerförmige Spucke|Crachat en pointe
Specter|Gespenst|Spectre
Spectral Claw|Geisterklaue|Griffe spectrale
Speed|Geschwindigkeit|Vitesse
Spelldancer|Zaubertänzer|Danse-sort
Spiderling Grim|Düstere Jungspinne|Sombre araignée
Spineling|Stachelwesen|Créature épineuse
Spire Caller|Rufer der Spitze|Appelant de la flèche
Spirit Drain|Geistentzug|Drain d'esprit
Spirit Leech|Geistersauger|Sangsue spirituelle
Spirit Shock|Geisterschock|Choc spirituel
Spirit Storm|Geistersturm|Tempête spirituelle
Spirit Tree|Geisterbaum|Arbre des esprits
Spirithawk|Geisterfalke|Faucon spirituel
Sta'archan|Sta'archan|Sta'archan
Staff|Stab|Bâton
Star Maiden|Sternenjungfrau|Vierge des étoiles
Star Sparkling|Sternenfunkeln|Scintillement d'étoiles
Starting Day Time|Tageszeit zu Spielbeginn|Heure de début de partie
Steel Trow|Stahltrow|Trow d'acier
Stone production|Steinproduktion|Production de pierre
Stonehold Fortress|Steinburgfestung|Forteresse de pierre
Stonerider|Steinreiter|Chevaucheur de pierre
Storm Djinn|Sturmdschinn|Djinn des tempêtes
Storm Drake|Sturmdrache|Drake des tempêtes
Storm Lord|Sturmlord|Seigneur des tempêtes
Stormbringer|Sturmbringer|Porte-tempête
Stormbringer Post|Sturmbringerposten|Poste du porte-tempête
Stormwind Aura|Sturmwindaura|Aura de vent tempétueux
Summoned Horde|Beschworene Horde|Horde invoquée
Summoner|Beschwörer|Invocateur
Supplier|Versorger|Ravitailleur
Supply Company|Versorgungskompanie|Compagnie de ravitaillement
Swamp Lurkerer|Sumpflauerer|Rôdeur des marais
Swamp Lurkerers|Sumpflauerer|Rôdeurs des marais
Swarm of Shooting Star|Sternschnuppenschwarm|Nuée d'étoiles filantes
Sword|Schwert|Épée
Target Captain|Ziel: Hauptmann|Cible : capitaine
Target Large|Großes Ziel|Grande cible
Target Medium|Mittleres Ziel|Cible moyenne
Target Small|Kleines Ziel|Petite cible
Techs|Technologien|Technologies
Temptress Esence|Essenz der Verführerin|Essence de la tentatrice
Terrify|In Schrecken versetzen|Terrifier
The Gate|Das Tor|La Porte
Thieve Guild Associate|Mitglied der Diebesgilde|Associé de la guilde des voleurs
Thives|Diebe|Voleurs
Thunder|Donner|Tonnerre
Thundercloud|Donnerwolke|Nuage d'orage
Thunderstorm|Gewitter|Orage
Toporok|Kleine Axt|Petite hache
Tower Guard|Turmwache|Garde de la tour
Tower Improved Guard|Verstärkte Turmwache|Garde de tour renforcée
Tower of Conjuration|Turm der Beschwörung|Tour de conjuration
Trees Dark|Dunkle Bäume|Arbres sombres
Trees Dead|Tote Bäume|Arbres morts
Tribe Protector|Stammesbeschützer|Protecteur tribal
Trident|Dreizack|Trident
Trow Rock|Trow-Felsgeschoss|Rocher du trow
Trow Siege Horde|Trow-Belagerungshorde|Horde de siège trow
Umbral Barrier|Umbrabarriere|Barrière ténébreuse
Umbral Thaumaturgist|Umbrathaumaturg|Thaumaturge ténébreux
Unholy Attacks|Unheilige Angriffe|Attaques impies
Unholy Damage|Unheiliger Schaden|Dégâts impies
Unholy Resistant|Widerstand gegen unheiligen Schaden|Résistance aux dégâts impies
Unit limit for Companies|Einheitenlimit für Kompanien|Limite d'unités des compagnies
Vadis per atria mortis|Du schreitest durch die Hallen des Todes|Tu traverses les salles de la mort
Vampyrism|Vampirismus|Vampirisme
Very Fast|Sehr schnell|Très rapide
Very Large|Sehr groß|Très grand
Very Slow|Sehr langsam|Très lent
Void Beast|Bestie der Leere|Bête du Vide
Volley of Arrows|Pfeilsalve|Salve de flèches
Volley of Crimsonblast|Purpurschlagsalve|Salve de déflagrations cramoisies
Volley of Fireball|Feuerballsalve|Salve de boules de feu
Vorpal Arbalest|Vorpalarmbrust|Arbalète vorpale
Vorpal Arrow|Vorpalpfeil|Flèche vorpale
Vorpal Attack|Vorpalangriff|Attaque vorpale
Vorpal Beast|Vorpalbestie|Bête vorpale
Vorpal Blade|Vorpalklinge|Lame vorpale
Vorpal Bolt|Vorpalbolzen|Carreau vorpal
Vorpal Bow|Vorpalbogen|Arc vorpal
Vorpal Damage|Vorpalschaden|Dégâts vorpals
Vorpal Engine|Vorpalmaschine|Machine vorpale
Vorpal Marker|Vorpalmarkierung|Marque vorpale
Vorpal Ranged Attack|Vorpalfernangriff|Attaque vorpale à distance
Vorpal Vortex|Vorpalwirbel|Vortex vorpal
Vulnerability|Verwundbarkeit|Vulnérabilité
Wall|Mauer|Mur
Wall Guard|Mauerwache|Garde du mur
Wall Improved Guard|Verstärkte Mauerwache|Garde du mur renforcée
War Forge|Kriegsschmiede|Forge de guerre
Warhound|Kriegshund|Chien de guerre
Warrior Lodge|Kriegerhütte|Loge des guerriers
Whitesteel Golem|Weißstahlgolem|Golem d'acier blanc
Whitesteel Golems|Weißstahlgolems|Golems d'acier blanc
Whitesteel Mace|Weißstahlstreitkolben|Masse d'acier blanc
Wight|Grabunhold|Revenant
Wild Spirit|Wilder Geist|Esprit sauvage
Windrider Plains Guard|Windreiter der Ebenenwache|Chevaucheur du vent de la garde des plaines
Withered Ground|Verdorrter Boden|Sol desséché
Wood production|Holzproduktion|Production de bois
Wraith|Geist|Esprit spectral
Wraith Cloak|Geistermantel|Voile spectral
Wraith Dreadfire|Geisterschreckensfeuer|Feu d'effroi spectral
Wrath|Zorn|Courroux
Wrath of Desert|Zorn der Wüste|Courroux du désert
Wyvern|Lindwurm|Vouivre
Wyvern Claw|Lindwurmklaue|Griffe de vouivre
Wyvern Hatchling|Lindwurmjungtier|Nouveau-né vouivre
Wyvern poison spit|Giftspucke des Lindwurms|Crachat venimeux de vouivre
Wyvern Spit|Lindwurmspucke|Crachat de vouivre
Wyverns Nest|Lindwurmnest|Nid de vouivres
Young Fire Dragon|Junger Feuerdrache|Jeune dragon de feu
Young Ice Dragon|Junger Eisdrache|Jeune dragon de glace
Young Storm Drake|Junger Sturmdrache|Jeune drake des tempêtes
Young Ice Breath|Eisatem des Jungdrachen|Souffle de glace du jeune dragon
Youngling Ice Breath|Eisatem des Drachenjungen|Souffle de glace du dragonnet
Young Frozen Mist|Frostnebel des Jungdrachen|Brume glacée du jeune dragon
Youngling Frozen Mist|Frostnebel des Drachenjungen|Brume glacée du dragonnet
Young Drake Lightning|Blitz des Jungdrachen|Éclair du jeune drake
Youngling Drake Lightning|Blitz des Drachenjungen|Éclair du jeune drake
Youngling Ice Dragon|Eisdrachenjunges|Dragonnet de glace
Zombie|Zombie|Zombie
Zombies|Zombies|Zombies
